{"root":[{"assemblyName":"glTFast","nameSpace":"","className":"__JobReflectionRegistrationOutput__790641356","methodName":"EarlyInit","loadTypes":2,"isUnityClass":false},{"assemblyName":"glTFast","nameSpace":"","className":"$BurstDirectCallInitializer","methodName":"Initialize","loadTypes":2,"isUnityClass":false},{"assemblyName":"glTFast.Export","nameSpace":"","className":"__JobReflectionRegistrationOutput__275772371","methodName":"EarlyInit","loadTypes":2,"isUnityClass":false},{"assemblyName":"Unity.Collections","nameSpace":"","className":"__JobReflectionRegistrationOutput__1155644767","methodName":"EarlyInit","loadTypes":2,"isUnityClass":true},{"assemblyName":"Unity.Collections","nameSpace":"","className":"$BurstDirectCallInitializer","methodName":"Initialize","loadTypes":2,"isUnityClass":true},{"assemblyName":"Unity.VisualScripting.Core","nameSpace":"Unity.VisualScripting","className":"RuntimeVSUsageUtility","methodName":"RuntimeInitializeOnLoadBeforeSceneLoad","loadTypes":1,"isUnityClass":true}]}
